<?xml version="1.0" encoding="UTF-8" standalone="yes"?>
<addon id="AThunderwolf" name="WatchToons" version="2.0.0" provider-name="AThunderwolf">
  <requires>
    <import addon="xbmc.python" version="2.1.0"/>
    <import addon="script.module.addon.common" />
    <import addon="script.module.requests" />
  </requires>
  <extension point="xbmc.python.pluginsource" library="default.py">
    <provides>video</provides>
  </extension>
  <extension point="xbmc.addon.metadata">
    <summary lang="en">Video</summary>
    <description lang="en">Temporary Fork to supply resolve fixes for the WatchCartoonOnline addon. To be Completely re-written in the future</description>
    <disclaimer lang="en"></disclaimer>
    <platform>all</platform>
  </extension>
</addon>
